Name,Team,G,PA,HR,R,RBI,SB,BB%,K%,ISO,BABIP,AVG,OBP,SLG,wOBA,xwOBA,wRC+,BsR,Off,Def,WAR,NameASCII,PlayerId,MLBAMID
Kyle Tucker,HOU,53,237,18,38,39,9,0.181434599,0.156118143,0.338541667,0.253623188,0.276041666,0.406779661,0.614583333,0.42820748,,185.2277175,0.321956288,23.7713096,-0.608586153,3.182581375,Kyle Tucker,18345,663656
Bobby Witt Jr.,KCR,55,243,9,48,36,16,0.082304526,0.164609053,0.248847926,0.337209302,0.30875576,0.366255144,0.557603686,0.385148731,,148.3793364,1.803369669,15.451333,7.156585488,3.145996339,Bobby Witt Jr.,25764,677951
Mookie Betts,LAD,54,248,8,41,30,9,0.14516129,0.092741935,0.20754717,0.348066298,0.33490566,0.431451612,0.54245283,0.41926858,,173.5006012,0.272546916,22.10510557,-0.640379719,3.064796863,Mookie Betts,13611,605141
Aaron Judge,NYY,55,245,17,37,39,2,0.175510204,0.248979591,0.350253807,0.314049586,0.279187817,0.409836065,0.629441624,0.429995073,,184.4853463,-0.420557464,23.60918627,-3.414296051,2.905063686,Aaron Judge,15640,592450
Shohei Ohtani,LAD,53,239,13,40,35,13,0.10041841,0.192468619,0.28436019,0.376623376,0.33649289,0.403361344,0.62085308,0.431223634,,181.5765215,2.244068367,25.59612561,-5.625363544,2.880171786,Shohei Ohtani,19755,660271
Gunnar Henderson,BAL,52,234,17,40,37,7,0.115384615,0.23076923,0.32,0.267175572,0.26,0.358974358,0.58,0.39377303,,161.6126993,1.674432633,18.41182356,1.750666711,2.864389482,Gunnar Henderson,26289,683002
Juan Soto,NYY,55,250,14,39,44,4,0.144,0.156,0.261904762,0.31875,0.309523809,0.408,0.571428571,0.415402129,,174.3148113,-1.271537154,20.29681941,-1.103952108,2.819171664,Juan Soto,20123,665742
William Contreras,MIL,53,241,8,44,43,3,0.103734439,0.199170124,0.193396226,0.392405063,0.330188679,0.402489626,0.523584905,0.396768683,,156.376595,-0.880032035,15.39335479,1.805418829,2.602542743,William Contreras,20503,661388
Anthony Volpe,NYY,54,245,6,36,23,11,0.089795918,0.212244897,0.152777778,0.345911949,0.282407407,0.3553719,0.435185185,0.345037226,,125.2740773,1.676400051,8.864979237,5.59965378,2.316791401,Anthony Volpe,27647,683011
Elly De La Cruz,CIN,54,223,9,36,24,31,0.121076233,0.322869955,0.203125,0.342342342,0.244791666,0.346846846,0.447916666,0.347080999,,117.5677305,4.569775873,9.26204146,5.417297448,2.281388399,Elly De La Cruz,26668,682829
Isaac Paredes,TBR,50,213,9,22,29,0,0.10798122,0.159624413,0.196721311,0.323943661,0.300546448,0.389671361,0.497267759,0.382166657,,155.437251,-0.709638354,12.99864133,-0.035316221,2.054017327,Isaac Paredes,20036,670623
Alec Bohm,PHI,54,229,5,25,47,2,0.074235807,0.139737991,0.18446602,0.343023255,0.310679611,0.366812227,0.495145631,0.367917441,,136.8132267,-0.817762258,9.279448709,2.413413613,1.995630381,Alec Bohm,21618,664761
Marcell Ozuna,ATL,51,216,15,30,47,0,0.12037037,0.217592592,0.294117647,0.338582677,0.310160427,0.393518518,0.604278074,0.419444447,,170.538283,-1.426242721,16.82282567,-5.483132601,1.914229553,Marcell Ozuna,10324,542303
José Ramírez,CLE,53,233,15,37,54,8,0.068669527,0.115879828,0.271028037,0.24137931,0.26635514,0.317596566,0.537383177,0.358391523,,135.5947529,0.847262145,10.47542816,0.184349515,1.885438966,Jose Ramirez,13510,608070
Salvador Perez,KCR,53,215,9,22,39,0,0.065116279,0.158139534,0.194871794,0.355263157,0.323076923,0.386046511,0.517948717,0.385096714,,148.343083,-2.092844542,9.973465203,1.22802315,1.879936457,Salvador Perez,7304,521692
Jurickson Profar,SDP,57,225,7,32,32,3,0.133333333,0.146666666,0.162303665,0.355263157,0.319371727,0.417777777,0.481675392,0.39171381,,157.3330019,-1.010706146,14.44003309,-4.11636614,1.841177279,Jurickson Profar,10815,595777
Jarren Duran,BOS,54,245,3,31,22,11,0.07755102,0.228571428,0.18018018,0.341463414,0.265765765,0.330612244,0.445945945,0.33442744,,112.0203744,3.386926342,6.805821197,2.966420456,1.835067162,Jarren Duran,24617,680776
Bryce Harper,PHI,50,219,13,32,41,3,0.150684931,0.228310502,0.260869565,0.300813008,0.27173913,0.378995433,0.532608695,0.380745285,,145.4787368,0.286013669,12.21530298,-1.884978794,1.821024922,Bryce Harper,11579,547180
Adley Rutschman,BAL,50,221,10,29,37,1,0.049773755,0.176470588,0.183574879,0.325,0.299516908,0.334841628,0.483091787,0.349177706,,130.5320425,-0.56533249,7.268058392,2.729433769,1.776704988,Adley Rutschman,26288,668939
Jose Altuve,HOU,53,239,9,34,20,8,0.066945606,0.171548117,0.172727273,0.329411764,0.295454545,0.351464435,0.468181818,0.354220405,,133.6625147,0.290283914,9.630267718,-1.218106193,1.67506873,Jose Altuve,5417,514888
Brice Turang,MIL,49,188,3,22,19,19,0.090425531,0.14893617,0.126506024,0.343065693,0.301204819,0.365591397,0.427710843,0.346425236,,122.3684126,2.967840412,8.004644712,1.778538632,1.65720345,Brice Turang,22186,668930
Marcus Semien,TEX,54,248,9,39,34,1,0.072580645,0.141129032,0.179039301,0.26344086,0.253275109,0.306451612,0.43231441,0.319026117,,107.1303538,0.452196538,2.505080616,5.401023196,1.653673941,Marcus Semien,12533,543760
Jordan Westburg,BAL,50,205,8,28,32,5,0.073170731,0.2,0.220430108,0.326086956,0.284946236,0.343137254,0.505376344,0.362562259,,139.8603906,-0.097083276,9.389221583,-0.487777661,1.609859528,Jordan Westburg,27815,676059
Ryan McMahon,COL,53,229,10,27,32,0,0.11790393,0.244541484,0.202020202,0.350746268,0.287878787,0.370044052,0.489898989,0.369329278,,125.5096069,-1.984395421,5.012434409,2.763214034,1.593486414,Ryan McMahon,15112,641857
Jeremy Peña,HOU,54,223,5,32,21,7,0.035874439,0.152466367,0.123809524,0.354651162,0.314285714,0.349775784,0.438095238,0.342607971,,125.5692429,0.707598784,7.32708678,0.577183016,1.568603836,Jeremy Pena,21636,665161
Ketel Marte,ARI,52,233,10,35,27,1,0.068669527,0.201716738,0.218009479,0.301886792,0.274881516,0.321888412,0.492890995,0.341752868,,118.3745474,0.311820241,5.439662239,1.86657105,1.55918645,Ketel Marte,13613,606466
Daulton Varsho,TOR,50,188,10,31,30,5,0.117021276,0.244680851,0.246987951,0.218181818,0.204819277,0.29787234,0.451807228,0.323273505,,111.5997963,1.180001193,3.711687408,5.149406115,1.547997487,Daulton Varsho,19918,662139
Will Smith,LAD,46,197,6,28,33,0,0.0964467,0.157360406,0.180232559,0.323741007,0.296511627,0.365482233,0.476744186,0.35669076,,131.2278121,-0.865498438,6.502844767,1.727051119,1.528995545,Will Smith,19197,669257
Andrés Giménez,CLE,51,225,4,31,33,8,0.044444444,0.146666666,0.109452736,0.299401197,0.268656716,0.330357142,0.378109452,0.312494333,,103.6067618,-0.127807815,0.814302254,6.038368633,1.467436489,Andres Gimenez,19950,665926
Ezequiel Tovar,COL,52,234,7,26,23,4,0.038461538,0.303418803,0.178082192,0.387323943,0.283105022,0.316017316,0.461187214,0.33350963,,101.3125921,0.703578028,1.071459337,5.295779932,1.466261287,Ezequiel Tovar,24064,678662
Brent Rooker,OAK,42,174,11,23,34,2,0.103448275,0.327586206,0.279220779,0.38372093,0.285714285,0.367816091,0.564935064,0.395414911,,164.4042781,0.175353653,13.18500421,-4.797750218,1.451818963,Brent Rooker,19627,667670
Ryan Jeffers,MIN,47,184,10,23,33,2,0.065217391,0.233695652,0.270440251,0.284403669,0.257861635,0.342391304,0.528301886,0.369736945,,143.6322387,0.011615309,9.331852966,-1.422980679,1.436660685,Ryan Jeffers,24618,680777
Colton Cowser,BAL,50,168,7,19,24,3,0.113095238,0.297619047,0.220689655,0.322222222,0.248275862,0.339285714,0.468965517,0.3459726,,128.2982476,0.472488219,5.99161653,2.396428951,1.431528579,Colton Cowser,29591,681297
Rafael Devers,BOS,43,187,10,27,24,1,0.122994652,0.240641711,0.254658385,0.317757009,0.273291925,0.368983957,0.52795031,0.37703202,,141.7135854,-0.252275941,8.803398336,-1.23626143,1.411763707,Rafael Devers,17350,646240
Brenton Doyle,COL,51,209,5,35,15,14,0.09090909,0.28229665,0.155913978,0.368852459,0.268817204,0.339805825,0.424731182,0.333989374,,101.6366704,2.918584842,3.328288239,3.336324036,1.409974003,Brenton Doyle,25479,686668
Willy Adames,MIL,53,233,8,27,35,8,0.0944206,0.214592274,0.19138756,0.289473684,0.248803827,0.321888412,0.440191387,0.33016712,,111.3856729,0.590176068,3.767611154,1.955888229,1.39670186,Willy Adames,15986,642715
Jazz Chisholm Jr.,MIA,54,226,8,27,27,10,0.088495575,0.24778761,0.19117647,0.328571428,0.264705882,0.336283185,0.455882352,0.340216025,,116.8112483,1.736691596,6.287310483,-0.341025852,1.395264726,Jazz Chisholm Jr.,20454,665862
Matt Chapman,SFG,54,229,8,37,27,5,0.07860262,0.23580786,0.182692307,0.280821917,0.235576923,0.305676855,0.41826923,0.313756816,,103.0797936,1.609743483,2.454475903,3.21054934,1.376808334,Matt Chapman,16505,656305
Freddie Freeman,LAD,55,241,5,31,30,1,0.128630705,0.165975103,0.15920398,0.327044025,0.283582089,0.390041493,0.442786069,0.359661358,,133.2345209,-1.174305827,8.419005271,-3.351357084,1.357152768,Freddie Freeman,5361,518692
Christian Walker,ARI,53,227,10,35,33,1,0.123348017,0.233480176,0.193717278,0.300751879,0.261780104,0.356828193,0.455497382,0.351226738,,124.7743699,-1.895912767,4.839908229,0.696611539,1.356670605,Christian Walker,13419,572233
Masyn Winn,STL,47,169,2,16,15,7,0.082840236,0.165680473,0.133333333,0.349593495,0.3,0.353293413,0.433333333,0.337694194,,118.2319648,1.427633021,5.118107798,2.250149533,1.343305412,Masyn Winn,27479,691026
Josh Smith,TEX,52,186,2,24,20,2,0.091397849,0.188172043,0.130434783,0.346774193,0.279503105,0.376344086,0.409937888,0.349398365,,128.2982552,-0.069199133,6.041265997,0.779292629,1.331724176,Josh Smith,26396,669701
Maikel Garcia,KCR,53,241,5,32,34,13,0.062240663,0.174273858,0.148648648,0.310734463,0.27027027,0.313807531,0.418918918,0.316238177,,100.3522087,3.290417815,3.388959239,1.5166587,1.321875014,Maikel Garcia,22715,672580
Corey Seager,TEX,49,218,11,25,24,0,0.119266055,0.174311926,0.189473685,0.267605633,0.257894736,0.348623853,0.447368421,0.33922755,,121.2097176,-2.168717869,3.199041588,2.433921859,1.318453544,Corey Seager,13624,608369
Ha-Seong Kim,SDP,56,224,6,27,23,13,0.142857142,0.178571428,0.142857143,0.243055555,0.216931216,0.331838565,0.359788359,0.304879179,,98.67416664,1.768074459,1.412362045,3.268787132,1.258439754,Ha-Seong Kim,27506,673490
Nico Hoerner,CHC,47,204,2,27,15,6,0.098039215,0.102941176,0.112359551,0.288461538,0.264044943,0.352941176,0.376404494,0.323139954,,108.9804481,0.643414504,2.837685368,2.283124208,1.234122957,Nico Hoerner,21479,663538
Cal Raleigh,SEA,49,187,11,24,29,0,0.09090909,0.347593582,0.221556886,0.258064516,0.209580838,0.283422459,0.431137724,0.307649963,,105.3820922,-0.986361219,0.182046478,5.430461782,1.211100138,Cal Raleigh,21534,663728
Jake Cronenworth,SDP,53,231,8,24,35,1,0.086580086,0.168831168,0.197044335,0.295597484,0.27093596,0.337719298,0.467980295,0.345788136,,126.3091293,-0.704963238,6.574184253,-2.749181474,1.194855582,Jake Cronenworth,18036,630105
Bryson Stott,PHI,50,194,5,31,30,13,0.134020618,0.128865979,0.15,0.259259259,0.25,0.355670103,0.4,0.331981134,,112.5374063,1.8670002,4.780208204,0.256478222,1.190760491,Bryson Stott,26294,681082
Willi Castro,MIN,53,200,4,26,16,7,0.085,0.255,0.162921349,0.330645161,0.252808988,0.33,0.415730337,0.325466567,,112.7780524,-0.168552622,2.798302424,2.125017984,1.184486171,Willi Castro,17338,650489
Brandon Nimmo,NYM,49,219,7,27,29,4,0.141552511,0.232876712,0.172222222,0.262295081,0.216666666,0.356164383,0.388888888,0.333084116,,117.7845372,0.610813941,5.27578276,-1.241973827,1.174620182,Brandon Nimmo,12927,607043
Taylor Ward,LAA,52,224,11,29,32,2,0.084821428,0.21875,0.208955224,0.303448275,0.27363184,0.330357142,0.482587064,0.34673053,,124.3584095,-1.653292682,4.681007078,-0.855528327,1.153267515,Taylor Ward,17548,621493
Teoscar Hernández,LAD,55,228,12,31,38,3,0.087719298,0.293859649,0.234146341,0.325396825,0.258536585,0.330396475,0.492682926,0.353617696,,129.1518854,-0.0593185,7.901606968,-4.896619797,1.100254299,Teoscar Hernandez,13066,606192
Abraham Toro,OAK,52,207,5,27,19,2,0.04347826,0.178743961,0.144329897,0.322368421,0.278350515,0.323671497,0.422680412,0.324918515,,115.2719003,-0.089965796,3.580026,-0.068947113,1.063271361,Abraham Toro,19844,647351
José Caballero,TBR,47,179,2,22,16,19,0.055865921,0.273743016,0.104938271,0.357142857,0.259259259,0.31638418,0.36419753,0.300291234,,98.37427366,0.843713211,0.505880155,3.899052028,1.059967334,Jose Caballero,23401,676609
Brandon Marsh,PHI,48,171,6,19,24,8,0.105263157,0.280701754,0.166666667,0.343434343,0.266666666,0.339181286,0.433333333,0.334391824,,114.165884,0.719205175,3.620566746,0.888569275,1.056731247,Brandon Marsh,20202,669016
JJ Bleday,OAK,55,214,8,22,22,0,0.098130841,0.191588785,0.223958333,0.265734265,0.239583333,0.31455399,0.463541666,0.331233632,,119.6732135,-1.085946445,3.801598297,-0.704567579,1.044531792,JJ Bleday,26368,668709
Vladimir Guerrero Jr.,TOR,53,233,5,24,25,1,0.128755364,0.18025751,0.123762377,0.354838709,0.297029702,0.390557939,0.420792079,0.358196402,,135.939267,-1.55302794,8.168327057,-5.850882297,1.029009129,Vladimir Guerrero Jr.,19611,665489
Ronald Acuña Jr.,ATL,49,222,4,38,15,16,0.121621621,0.238738738,0.114583333,0.325925925,0.25,0.351351351,0.364583333,0.321583876,,104.4311667,2.554073858,3.732312124,-1.249261701,1.025836106,Ronald Acuna Jr.,18401,660670
Fernando Tatis Jr.,SDP,57,250,9,35,28,6,0.096,0.216,0.167420814,0.283018867,0.244343891,0.328,0.411764705,0.324522264,,111.9435325,-0.336841223,3.23946638,-1.909061216,1.004738429,Fernando Tatis Jr.,19709,665487
Riley Greene,DET,52,222,9,33,20,1,0.13063063,0.265765765,0.198952879,0.282258064,0.230366492,0.333333333,0.429319371,0.331611253,,116.7658706,-0.037776697,4.283188327,-1.892272352,0.999203733,Riley Greene,25976,682985
Francisco Lindor,NYM,52,233,7,29,24,6,0.068669527,0.163090128,0.157142857,0.221556886,0.209523809,0.278969957,0.366666666,0.283177365,,84.0713531,0.216158038,-4.229098909,6.001799457,0.991110038,Francisco Lindor,12916,596019
Connor Joe,PIT,47,188,6,29,22,2,0.090425531,0.191489361,0.178571429,0.322834645,0.279761904,0.351063829,0.458333333,0.351021222,,123.5470747,-0.155842293,5.146367092,-2.061245156,0.969575697,Connor Joe,16572,656582
Mike Tauchman,CHC,48,191,4,30,16,4,0.141361256,0.204188481,0.142857143,0.327731092,0.267080745,0.37696335,0.409937888,0.348878245,,126.3672689,0.355961867,6.387951397,-3.439733467,0.965938931,Mike Tauchman,15274,643565
J.T. Realmuto,PHI,44,191,7,27,20,1,0.057591623,0.246073298,0.168539326,0.352,0.286516853,0.329842931,0.455056179,0.338581155,,116.9958759,-0.83335684,3.054757085,-0.549055337,0.920509905,J.T. Realmuto,11739,592663
CJ Abrams,WSN,49,217,9,32,26,8,0.055299539,0.184331797,0.221105528,0.282894736,0.261306532,0.310185185,0.48241206,0.334003269,,114.8644483,0.103453028,3.966861178,-2.397443893,0.914678716,CJ Abrams,25768,682928
Alex Verdugo,NYY,52,213,7,26,28,1,0.089201877,0.10798122,0.170212766,0.257668711,0.260638297,0.323943661,0.430851063,0.32489393,,111.235232,-0.715693715,2.062505046,-0.222670108,0.912071905,Alex Verdugo,17027,657077
Thairo Estrada,SFG,54,218,8,32,31,1,0.036697247,0.183486238,0.179611651,0.25625,0.237864077,0.270642201,0.417475728,0.294501311,,90.07224734,0.097060079,-2.495145884,3.917641747,0.903068291,Thairo Estrada,16426,642731
Ryan Mountcastle,BAL,47,199,6,28,20,2,0.055276381,0.221105527,0.188172043,0.333333333,0.279569892,0.316582914,0.467741935,0.334853896,,120.54908,-0.042865192,4.704439712,-2.542940506,0.897560366,Ryan Mountcastle,18373,663624
Mark Canha,DET,49,203,6,26,22,1,0.123152709,0.21182266,0.162790698,0.292682926,0.244186046,0.359605911,0.406976744,0.337633935,,120.9633716,-0.01079974,4.929562991,-3.015146834,0.885775737,Mark Canha,11445,592192
Luis García Jr.,WSN,45,169,5,13,26,8,0.059171597,0.195266272,0.157232704,0.305785123,0.264150943,0.307692307,0.421383647,0.316068982,,102.7494158,0.827570688,1.384101463,1.38759958,0.87141967,Luis Garcia Jr.,20391,671277
Logan O'Hoppe,LAA,45,172,5,19,24,0,0.063953488,0.25,0.145569621,0.336363636,0.265822784,0.321637426,0.411392405,0.320279332,,105.9232787,-0.764530262,0.418217903,2.335592457,0.866695081,Logan O'Hoppe,24729,681351
Tyler O'Neill,BOS,41,172,11,29,17,1,0.127906976,0.337209302,0.263513514,0.303797468,0.236486486,0.343023255,0.5,0.355251831,,126.5339087,-0.499929357,4.798307186,-2.511843161,0.818716974,Tyler O'Neill,15711,641933
Shea Langeliers,OAK,48,178,11,20,27,1,0.073033707,0.241573033,0.27672956,0.212962962,0.213836477,0.280898876,0.490566037,0.320874049,,112.4531142,-0.862270436,1.711084203,-0.066778259,0.773164206,Shea Langeliers,25816,669127
Spencer Steer,CIN,52,216,6,26,35,11,0.134259259,0.175925925,0.175824176,0.258992805,0.23076923,0.347222222,0.406593406,0.331709892,,107.1841857,1.981592908,3.84022472,-3.63146771,0.771519731,Spencer Steer,26323,668715
Leody Taveras,TEX,51,192,4,23,12,5,0.083333333,0.177083333,0.137142857,0.291970802,0.251428571,0.314136125,0.388571428,0.307975974,,99.42896957,-0.048001821,-0.175282402,1.301267545,0.767486845,Leody Taveras,18900,665750
Julio Rodríguez,SEA,55,233,4,23,19,13,0.051502145,0.274678111,0.077625571,0.357615894,0.264840182,0.309012875,0.342465753,0.288934298,,92.33823177,0.235706334,-1.836755768,1.577105495,0.764442717,Julio Rodriguez,23697,677594
Jackson Merrill,SDP,53,191,3,21,21,7,0.057591623,0.157068062,0.084269663,0.315068493,0.275280898,0.315789473,0.359550561,0.294941777,,91.96121762,1.268375632,-0.570641191,1.145444041,0.722282449,Jackson Merrill,29490,701538
Elias Díaz,COL,44,172,4,18,23,0,0.052325581,0.168604651,0.132911392,0.346456692,0.303797468,0.348837209,0.43670886,0.336852339,,103.5706706,-1.522573129,-0.786975537,1.958683927,0.717581182,Elias Diaz,11680,553869
Oneil Cruz,PIT,51,205,7,21,19,4,0.073170731,0.351219512,0.17368421,0.36036036,0.247368421,0.302439024,0.421052631,0.310109806,,95.91045166,0.725586527,-0.278546542,0.299474941,0.714038156,Oneil Cruz,21711,665833
Blake Perkins,MIL,44,170,4,24,15,5,0.1,0.264705882,0.10738255,0.297029702,0.228187919,0.317647058,0.335570469,0.293943494,,86.91576187,0.53102675,-2.133127856,3.236222118,0.703591942,Blake Perkins,19921,663368
Yordan Alvarez,HOU,53,232,9,27,22,1,0.099137931,0.176724137,0.181372549,0.288461538,0.264705882,0.344827586,0.446078431,0.339251052,,123.2296424,-1.38002305,4.876487409,-5.735146994,0.699552722,Yordan Alvarez,19556,670541
Kyle Schwarber,PHI,53,245,10,42,33,3,0.163265306,0.289795918,0.170854271,0.300813008,0.236180904,0.359183673,0.407035175,0.336547214,,115.6219005,-0.340034173,4.24414954,-5.743155772,0.696905879,Kyle Schwarber,16478,656941
Josh Naylor,CLE,51,216,13,27,35,3,0.097222222,0.157407407,0.25,0.208333333,0.228723404,0.314814814,0.478723404,0.329360945,,115.3619269,-1.160670553,2.691461017,-3.230778099,0.678012283,Josh Naylor,18839,647304
Michael Harris II,ATL,51,214,5,23,17,8,0.046728971,0.224299065,0.118226601,0.32,0.261083743,0.29906542,0.379310344,0.296363484,,87.39419815,0.123821424,-3.107248174,2.184830903,0.648447309,Michael Harris II,25931,671739
Luis Arraez,- - -,54,243,1,31,13,3,0.045267489,0.057613168,0.074561403,0.352112676,0.333333333,0.371900826,0.407894736,0.343117886,,120.9435506,-0.22460146,5.871029229,-7.885110034,0.637082692,Luis Arraez,18568,650333
Michael Busch,CHC,50,182,7,27,21,1,0.104395604,0.351648351,0.196202531,0.333333333,0.234177215,0.318681318,0.430379746,0.323848553,,109.4591232,-0.016002627,2.045976816,-2.031904308,0.633463781,Michael Busch,26319,683737
Edouard Julien,MIN,52,182,7,23,16,5,0.126373626,0.335164835,0.170886076,0.288888888,0.208860759,0.313186813,0.379746835,0.307733816,,100.4192329,-0.018546906,0.070031618,-0.074267839,0.617504785,Edouard Julien,27534,666397
Bo Bichette,TOR,50,209,4,18,23,4,0.052631578,0.143540669,0.118556701,0.273291925,0.24742268,0.296650717,0.365979381,0.290564533,,88.80331741,-0.224529165,-2.941201872,1.987734583,0.611728418,Bo Bichette,19612,666182
Nolan Arenado,STL,51,217,3,20,23,0,0.064516129,0.165898617,0.095959596,0.296296296,0.257575757,0.30875576,0.353535353,0.291365659,,86.93594985,-0.868287415,-4.263755368,2.872969125,0.610782114,Nolan Arenado,9777,571448
Zach Neto,LAA,51,190,6,20,18,6,0.063157894,0.257894736,0.169491525,0.319672131,0.254237288,0.305263157,0.423728813,0.316109169,,103.0168891,-1.334402011,-0.668953268,0.096736413,0.586357672,Zach Neto,31347,687263
Ozzie Albies,ATL,43,193,3,24,25,3,0.067357512,0.155440414,0.12,0.307692307,0.268571428,0.331606217,0.388571428,0.317069811,,101.381809,-0.387017065,-0.067593174,-0.807275353,0.580403418,Ozzie Albies,16556,645277
Tyler Freeman,CLE,48,189,4,31,21,7,0.079365079,0.158730158,0.141975309,0.253846153,0.228395061,0.324468085,0.37037037,0.30729346,,99.98201959,0.142111588,0.138166443,-0.868353625,0.566745053,Tyler Freeman,22532,671289
Bryan Reynolds,PIT,54,242,7,20,28,4,0.103305785,0.194214876,0.161290322,0.306748466,0.262672811,0.338842975,0.423963133,0.332179061,,110.8187518,0.748797045,3.884642041,-6.578140091,0.563860601,Bryan Reynolds,19326,668804
Cody Bellinger,CHC,40,176,7,15,23,0,0.09090909,0.164772727,0.189873418,0.268292682,0.253164556,0.323863636,0.443037974,0.323634962,,109.3148374,-0.320097475,1.64348889,-2.323501091,0.541372757,Cody Bellinger,15998,641355
Adolis García,TEX,51,213,12,26,37,4,0.056338028,0.28169014,0.237113402,0.277777777,0.242268041,0.291079812,0.479381443,0.324495717,,110.9423849,0.047487252,2.75327207,-4.677151392,0.525686319,Adolis Garcia,19287,666969
Sal Frelick,MIL,48,186,2,25,11,6,0.096774193,0.204301075,0.08433735,0.309523809,0.246987951,0.327956989,0.331325301,0.29695747,,88.95177347,0.57247414,-1.888843011,0.699897099,0.523851583,Sal Frelick,29622,686217
Ian Happ,CHC,49,206,4,25,17,2,0.131067961,0.281553398,0.13559322,0.304347826,0.220338983,0.330097087,0.355932203,0.308163302,,98.86336742,-0.266587579,-0.547033667,-1.518935755,0.503268372,Ian Happ,17919,664023
Orlando Arcia,ATL,51,200,5,20,19,0,0.03,0.19,0.153439154,0.28,0.248677248,0.27,0.402116402,0.2863342,,80.61918121,-0.505352606,-5.147983743,3.229153659,0.497538007,Orlando Arcia,13185,606115
Pete Alonso,NYM,52,228,12,29,26,1,0.087719298,0.192982456,0.230392157,0.234899328,0.230392156,0.307017543,0.460784313,0.327395711,,113.9418862,-1.616795122,2.190516669,-5.529681265,0.448959161,Pete Alonso,19251,624413
Gavin Sheets,CHW,49,185,4,14,18,1,0.129729729,0.167567567,0.171974522,0.276422764,0.242038216,0.351351351,0.414012738,0.337104656,,118.918095,-0.849938761,3.213098423,-5.259168269,0.41807451,Gavin Sheets,19901,657757
Matt Olson,ATL,51,218,8,23,29,0,0.100917431,0.270642201,0.193717277,0.288,0.230366492,0.321100917,0.424083769,0.321815222,,104.587446,-1.328848515,-0.131034141,-3.237635072,0.411203872,Matt Olson,14344,621566
Jeff McNeil,NYM,51,202,3,20,14,3,0.084158415,0.118811881,0.104972376,0.259740259,0.23756906,0.313432835,0.342541436,0.293363568,,90.95237301,-0.522945745,-2.711957632,-0.130530604,0.409659868,Jeff McNeil,15362,643446
Nolan Gorman,STL,46,176,8,20,21,2,0.119318181,0.352272727,0.2,0.294117647,0.212903225,0.306818181,0.412903225,0.312850503,,101.4494668,-0.694133726,-0.388583224,-1.626863887,0.404276058,Nolan Gorman,22263,669357
Brendan Donovan,STL,50,225,4,25,25,0,0.08,0.142222222,0.131979696,0.25,0.228426395,0.311111111,0.360406091,0.29736188,,90.98653794,-0.872348655,-3.301397322,-0.494924744,0.391609152,Brendan Donovan,24679,680977
Austin Riley,ATL,38,167,3,22,18,0,0.083832335,0.239520958,0.139072847,0.305555555,0.238410596,0.311377245,0.377483443,0.303445695,,92.17839834,-0.427726294,-1.992221472,-0.145952987,0.36042309,Austin Riley,18360,663586
Jesse Winker,WSN,50,198,6,25,23,7,0.121212121,0.232323232,0.162650602,0.284482758,0.234939759,0.348484848,0.397590361,0.329187685,,111.6114081,-0.901823523,1.851848057,-5.088666917,0.355287076,Jesse Winker,13590,608385
Anthony Santander,BAL,48,201,9,25,29,0,0.07960199,0.199004975,0.223463687,0.20610687,0.201117318,0.283582089,0.424581005,0.306389374,,100.710766,-0.84084743,-0.674994031,-2.708428111,0.335105338,Anthony Santander,14551,623993
Giancarlo Stanton,NYY,48,191,13,23,29,0,0.062827225,0.324607329,0.262569832,0.278846153,0.234636871,0.282722513,0.497206703,0.331588618,,115.9010867,-1.876724159,1.649109653,-4.84514918,0.320389441,Giancarlo Stanton,4949,519317
Jonathan India,CIN,47,195,3,18,17,5,0.133333333,0.194871794,0.090361446,0.269841269,0.222891566,0.333333333,0.313253012,0.295614616,,82.80097823,-0.091850244,-4.108837193,0.291854284,0.285309125,Jonathan India,21523,663697
Jonah Heim,TEX,48,187,5,19,28,1,0.058823529,0.176470588,0.109195403,0.277372262,0.247126436,0.294117647,0.356321839,0.286002075,,84.11428716,-1.145818989,-4.594475821,0.861671122,0.251703655,Jonah Heim,16930,641680
Brayan Rocchio,CLE,47,172,0,24,8,7,0.122093023,0.174418604,0.061643836,0.245762711,0.198630136,0.304093567,0.260273972,0.262083246,,68.47281559,-0.665614457,-6.96089807,3.524812269,0.231235934,Brayan Rocchio,23690,677587
Bryan De La Cruz,MIA,55,238,9,27,25,1,0.075630252,0.25210084,0.165898617,0.313333333,0.258064516,0.31512605,0.423963133,0.318861183,,102.3855506,-1.116043421,-0.436014085,-5.404493738,0.226895807,Bryan De La Cruz,19600,650559
Xander Bogaerts,SDP,47,200,4,23,14,4,0.06,0.2,0.096256685,0.256944444,0.219251336,0.265,0.315508021,0.256353032,,65.89361315,1.520001573,-6.650105959,1.926399,0.20958735,Xander Bogaerts,12161,593428
Carlos Santana,MIN,49,188,7,16,22,0,0.085106382,0.175531914,0.159763314,0.209302325,0.201183431,0.281914893,0.360946745,0.280231271,,81.25136787,-0.536147534,-4.628086089,0.436100662,0.207959107,Carlos Santana,2396,467793
Yainer Diaz,HOU,49,196,3,18,23,0,0.040816326,0.137755102,0.114130435,0.280254777,0.255434782,0.285714285,0.369565217,0.283405572,,84.30820285,-0.5405573,-4.111068693,-0.440090489,0.198248257,Yainer Diaz,23003,673237
Alex Bregman,HOU,51,220,4,14,21,2,0.086363636,0.131818181,0.110552764,0.220238095,0.20603015,0.272727272,0.316582914,0.261733142,,69.20362853,-0.528186766,-8.393642603,2.888268719,0.181774448,Alex Bregman,17678,608324
Jackson Chourio,MIL,47,168,5,20,16,7,0.059523809,0.273809523,0.121794872,0.273584905,0.217948717,0.263473053,0.339743589,0.264318519,,66.90339469,1.633916412,-5.025785579,1.104450315,0.180835164,Jackson Chourio,28806,694192
Vinnie Pasquantino,KCR,52,214,5,25,33,0,0.098130841,0.140186915,0.164835165,0.233766233,0.225274725,0.308411214,0.39010989,0.302895452,,91.05301263,-0.628225131,-2.850983553,-2.974156894,0.128575347,Vinnie Pasquantino,27676,686469
Lourdes Gurriel Jr.,ARI,49,213,6,25,29,3,0.051643192,0.187793427,0.139303483,0.264516129,0.233830845,0.276995305,0.373134328,0.283530378,,79.04388628,0.006352157,-5.339936619,-0.733202463,0.116197908,Lourdes Gurriel Jr.,19238,666971
Starling Marte,NYM,48,200,6,27,19,8,0.055,0.225,0.135135135,0.311111111,0.259459459,0.306532663,0.394594594,0.305936661,,99.445793,1.052354965,0.919595937,-6.786977554,0.092176895,Starling Marte,9241,516782
Andrew McCutchen,PIT,43,184,7,24,14,1,0.114130434,0.266304347,0.157232704,0.281553398,0.226415094,0.331521739,0.383647798,0.316952737,,100.5330124,-0.940174094,-0.822706746,-4.584233055,0.083884062,Andrew McCutchen,9847,457705
Manny Machado,SDP,52,219,5,23,28,2,0.06849315,0.223744292,0.127450981,0.286666666,0.235294117,0.287671232,0.362745098,0.283634742,,84.32304977,-0.083642588,-4.195781315,-2.400535261,0.083323928,Manny Machado,11493,592518
Anthony Rizzo,NYY,54,225,7,26,25,0,0.062222222,0.182222222,0.12745098,0.280254777,0.25,0.315555555,0.37745098,0.306198449,,98.20543851,-1.968812946,-2.437564292,-4.241188687,0.078290879,Anthony Rizzo,3473,519203
Eugenio Suárez,ARI,52,208,3,20,24,1,0.0625,0.288461538,0.101604278,0.299212598,0.219251336,0.283653846,0.320855614,0.268683312,,69.01434445,-0.176384703,-7.895829875,1.518047587,0.067559858,Eugenio Suarez,12552,553993
Gleyber Torres,NYY,55,227,4,25,16,4,0.088105726,0.246696035,0.099009901,0.291666666,0.227722772,0.300884955,0.326732673,0.280427368,,80.24431529,-0.737462885,-5.943648049,-1.164357742,0.041014026,Gleyber Torres,16997,650402
Yandy Díaz,TBR,53,231,4,22,25,0,0.082251082,0.138528138,0.105263158,0.275862068,0.248803827,0.316017316,0.354066985,0.297471118,,96.40879729,-1.43250841,-2.395568901,-4.916697552,0.033625572,Yandy Diaz,16578,650490
Cedric Mullins,BAL,49,167,6,22,22,11,0.053892215,0.257485029,0.14935065,0.224299065,0.194805194,0.240963855,0.344155844,0.253860917,,64.10112154,1.242547583,-5.717288616,0.066462463,-0.013107253,Cedric Mullins,17929,656775
Paul Goldschmidt,STL,50,221,7,26,22,3,0.08597285,0.312217194,0.136363636,0.303278688,0.222222222,0.296803652,0.358585858,0.288868291,,85.24891862,-0.078761476,-3.983376272,-3.838754322,-0.035573748,Paul Goldschmidt,9218,502671
Jeimer Candelario,CIN,46,187,6,18,20,0,0.085561497,0.256684491,0.19760479,0.271929824,0.221556886,0.29946524,0.419161676,0.311491238,,93.52600943,-1.433386454,-2.883412262,-4.496361427,-0.108230573,Jeimer Candelario,13621,600869
Corbin Carroll,ARI,51,223,2,23,17,9,0.098654708,0.197309417,0.096446701,0.228758169,0.187817258,0.2735426,0.284263959,0.252064943,,57.78824502,2.622507474,-8.652071546,-0.119098876,-0.126057587,Corbin Carroll,25878,682998
Ty France,SEA,51,197,6,17,21,0,0.065989847,0.23857868,0.138888889,0.296875,0.244444444,0.304568527,0.383333333,0.301808935,,101.3111949,-1.553418109,-1.253546645,-6.64151964,-0.141644354,Ty France,17982,664034
Nolan Schanuel,LAA,48,194,5,17,18,0,0.077319587,0.164948453,0.110465116,0.262773722,0.238372093,0.307291666,0.348837209,0.291248164,,85.69004125,-1.375063872,-4.59792638,-3.251614671,-0.14715652,Nolan Schanuel,33189,694384
Brendan Rodgers,COL,49,191,1,19,14,1,0.05235602,0.230366492,0.077348066,0.345588235,0.26519337,0.303664921,0.342541436,0.284799354,,68.40765526,-0.179556712,-7.406876814,-0.57576663,-0.156231081,Brendan Rodgers,17907,663898
Jorge Soler,SFG,43,177,6,20,15,0,0.101694915,0.2259887,0.16025641,0.243243243,0.211538461,0.299435028,0.371794871,0.296557217,,91.46106006,-1.241664611,-3.051917663,-4.487433633,-0.159339247,Jorge Soler,14221,624585
Will Benson,CIN,51,188,7,17,16,8,0.117021276,0.393617021,0.2,0.297619047,0.193939393,0.292553191,0.393939393,0.301193063,,86.56935026,-1.770783884,-4.795028636,-3.152760986,-0.16307086,Will Benson,21853,666181
Christopher Morel,CHC,53,219,9,23,33,4,0.114155251,0.214611872,0.176470588,0.207407407,0.197860962,0.296803652,0.37433155,0.291504467,,87.60993268,-0.464168332,-3.714142014,-5.304966121,-0.165401579,Christopher Morel,21897,666624
Jared Triolo,PIT,49,197,3,12,18,4,0.106598984,0.248730964,0.069767441,0.260162601,0.203488372,0.289340101,0.273255813,0.257047384,,60.0655376,-0.403692248,-9.826408897,1.3276048,-0.188384708,Jared Triolo,25807,669707
George Springer,TOR,47,201,4,19,11,7,0.099502487,0.164179104,0.100558659,0.215277777,0.195530726,0.27363184,0.296089385,0.256221314,,64.8678526,1.62431839,-6.573577908,-2.211283943,-0.219410308,George Springer,12856,543807
Ceddanne Rafaela,BOS,53,194,5,24,28,7,0.030927835,0.257731958,0.153846154,0.253846153,0.208791208,0.234375,0.362637362,0.25464014,,56.4127121,0.613722974,-9.202925592,0.273798069,-0.257987636,Ceddanne Rafaela,24262,678882
Spencer Torkelson,DET,50,214,4,24,18,0,0.074766355,0.219626168,0.139896373,0.265734265,0.21761658,0.286384976,0.357512953,0.283610885,,83.31207186,-0.117135282,-4.263026101,-5.434620939,-0.268978938,Spencer Torkelson,27465,679529
Charlie Blackmon,COL,45,173,2,23,23,3,0.086705202,0.109826589,0.141025641,0.259259259,0.237179487,0.312138728,0.378205128,0.299140631,,78.0955248,0.164079982,-4.374719733,-4.135529414,-0.272902841,Charlie Blackmon,7859,453568
Justin Turner,TOR,47,175,4,18,18,0,0.091428571,0.165714285,0.135483871,0.241935483,0.219354838,0.297142857,0.354838709,0.288080592,,87.072138,-1.845046856,-4.471480439,-4.283850984,-0.304655791,Justin Turner,5235,457759
Mitch Garver,SEA,46,179,5,18,14,0,0.122905027,0.307262569,0.144736842,0.223404255,0.171052631,0.284916201,0.315789473,0.271738689,,80.35377303,-0.766357518,-4.848929538,-4.155351292,-0.316632022,Mitch Garver,15161,641598
Jorge Polanco,SEA,46,181,5,15,14,1,0.116022099,0.309392265,0.106918239,0.265306122,0.194968553,0.292817679,0.301886792,0.268739015,,78.26315374,-0.852671727,-5.420152998,-3.659786231,-0.317608622,Jorge Polanco,13152,593871
Mitch Haniger,SEA,51,194,6,18,24,0,0.077319587,0.273195876,0.13483146,0.266666666,0.213483146,0.273195876,0.348314606,0.273277845,,81.42648567,-0.419802779,-4.602895409,-4.913814604,-0.318309273,Mitch Haniger,14274,571745
Javier Báez,DET,45,167,1,13,23,6,0.029940119,0.191616766,0.075949367,0.2421875,0.202531645,0.22754491,0.278481012,0.220748138,,39.49995661,0.869493642,-10.85985307,1.040005866,-0.441101922,Javier Baez,12979,595879
Josh Bell,MIA,55,232,6,21,27,0,0.081896551,0.202586206,0.126213593,0.259740259,0.22330097,0.303030303,0.349514563,0.289038866,,82.23987448,-1.503470872,-6.438572255,-6.391620058,-0.511505974,Josh Bell,13145,605137
Randy Arozarena,TBR,52,217,8,24,18,7,0.105990783,0.294930875,0.15625,0.183333333,0.15625,0.253456221,0.3125,0.254582686,,66.51775621,0.233081988,-8.201740646,-4.203764441,-0.536783754,Randy Arozarena,19290,668227
Joey Meneses,WSN,46,198,2,10,24,2,0.075757575,0.202020202,0.062146893,0.275362318,0.2259887,0.292929292,0.288135593,0.260099216,,64.94052217,0.043058534,-8.271375595,-4.796665028,-0.653993151,Joey Meneses,14366,608841
Andrew Vaughn,CHW,52,212,4,14,18,1,0.066037735,0.245283018,0.113402062,0.244604316,0.195876288,0.259433962,0.30927835,0.253070848,,60.35083454,-0.593050533,-10.3512924,-5.748593701,-0.933027904,Andrew Vaughn,26197,683734
Elehuris Montero,COL,45,169,2,13,19,0,0.076923076,0.201183431,0.084415585,0.266666666,0.22077922,0.278106508,0.305194805,0.25942296,,51.2653042,-1.626917003,-11.49168844,-5.877189247,-1.196226485,Elehuris Montero,20543,660707
Nick Castellanos,PHI,55,227,6,26,22,1,0.074889867,0.224669603,0.111111111,0.231788079,0.198067632,0.26431718,0.309178743,0.255824262,,61.09164832,-2.35048581,-12.9291481,-6.536872882,-1.210108032,Nick Castellanos,11737,592206
Andrew Benintendi,CHW,48,191,3,12,17,2,0.047120418,0.178010471,0.077348067,0.220689655,0.193370165,0.230366492,0.270718232,0.221903339,,38.62867701,-0.655205094,-14.26339995,-5.380679388,-1.368178038,Andrew Benintendi,17901,643217
